{
	"info": {
		"_postman_id": "6be4378c-3023-4653-86bf-7ca1bc44ef6d",
		"name": "SIMOTEC",
		"schema": "https://schema.getpostman.com/json/collection/v2.1.0/collection.json",
		"_exporter_id": "15070940"
	},
	"item": [
		{
			"name": "TESTS",
			"item": [
				{
					"name": "TEST 1: Seguridad Operarios",
					"item": [
						{
							"name": "Obtener Preguntas",
							"request": {
								"method": "GET",
								"header": [],
								"url": {
									"raw": "{{host}}/questions",
									"host": [
										"{{host}}"
									],
									"path": [
										"questions"
									]
								}
							},
							"response": []
						},
						{
							"name": "Enviar respuestas de test 1 TODAS CORRECTAS",
							"request": {
								"method": "POST",
								"header": [],
								"body": {
									"mode": "raw",
									"raw": "{\r\n    \"participant_id\": 1,\r\n    \"test_id\": 1,\r\n    \"evaluation_part_id\": 1,           // 1 para la primera parte, 2 para la segunda\r\n    \"answers\": [\r\n        {\r\n            \"question_id\": 1,\r\n            \"selected_option_id\": 3\r\n        },\r\n        {\r\n            \"question_id\": 2,\r\n            \"selected_option_id\": 6\r\n        },\r\n        {\r\n            \"question_id\": 3,\r\n            \"selected_option_id\": 9\r\n        },\r\n        {\r\n            \"question_id\": 4,\r\n            \"selected_option_id\": 12\r\n        },\r\n        {\r\n            \"question_id\": 5,\r\n            \"selected_option_id\": 16\r\n        },\r\n        {\r\n            \"question_id\": 6,\r\n            \"selected_option_id\": 19\r\n        },\r\n        {\r\n            \"question_id\": 7,\r\n            \"selected_option_id\": 22\r\n        },\r\n        {\r\n            \"question_id\": 8,\r\n            \"selected_option_id\": 26\r\n        },\r\n        {\r\n            \"question_id\": 9,\r\n            \"selected_option_id\": 30\r\n        },\r\n        {\r\n            \"question_id\": 10,\r\n            \"selected_option_id\": 33\r\n        }\r\n    ]\r\n}\r\n",
									"options": {
										"raw": {
											"language": "json"
										}
									}
								},
								"url": {
									"raw": "{{host}}/questions",
									"host": [
										"{{host}}"
									],
									"path": [
										"questions"
									]
								}
							},
							"response": []
						}
					]
				},
				{
					"name": "TEST 2: Test Nuevo PsibolaboralV2",
					"item": []
				},
				{
					"name": "TEST 3: Test Conductual Supervisores",
					"item": []
				}
			]
		},
		{
			"name": "Usuarios",
			"item": []
		},
		{
			"name": "CAdmins",
			"item": []
		},
		{
			"name": "SysAdmin",
			"item": []
		}
	]
}